sep=|
Name|md5|Machine|SizeOfOptionalHeader|Characteristics|MajorLinkerVersion|MinorLinkerVersion|SizeOfCode|SizeOfInitializedData|SizeOfUninitializedData|AddressOfEntryPoint|BaseOfCode|BaseOfData|ImageBase|SectionAlignment|FileAlignment|MajorOperatingSystemVersion|MinorOperatingSystemVersion|MajorImageVersion|MinorImageVersion|MajorSubsystemVersion|MinorSubsystemVersion|SizeOfImage|SizeOfHeaders|CheckSum|Subsystem|DllCharacteristics|SizeOfStackReserve|SizeOfStackCommit|SizeOfHeapReserve|SizeOfHeapCommit|LoaderFlags|NumberOfRvaAndSizes|SectionsNb|SectionsMeanEntropy|SectionsMinEntropy|SectionsMaxEntropy|SectionsMeanRawsize|SectionsMinRawsize|SectionMaxRawsize|SectionsMeanVirtualsize|SectionsMinVirtualsize|SectionMaxVirtualsize|ImportsNbDLL|ImportsNb|ImportsNbOrdinal|ExportNb|ResourcesNb|ResourcesMeanEntropy|ResourcesMinEntropy|ResourcesMaxEntropy|ResourcesMeanSize|ResourcesMinSize|ResourcesMaxSize|LoadConfigurationSize|VersionInformationSize|legitimate
6to4svc.dll|c07d5197410aab28d0d93f943f59656d|332|224|8462|7|10|90112|17408|0|90033|4096|94208|1807745024|4096|512|5|1|5|1|4|10|118784|1024|122074|3|0|262144|4096|1048576|4096|0|16|4|0|0|0|0|0|0|0|0|0|11|128|0|1|1|0|0|0|0|0|0|72|0|1
7-zip32.dll|da6bedb55f1d10f2432d10968c303fed|332|224|8462|6|0|249856|8192|307200|556784|311296|561152|268435456|4096|512|4|0|0|0|4|0|569344|4096|0|2|0|1048576|4096|1048576|4096|0|16|3|0|0|0|0|0|0|0|0|0|6|10|0|55|17|0|0|0|0|0|0|0|0|1
aaaamon.dll|12b4c8208b5146c8d17f3f502e00a540|332|224|8462|7|0|13312|11264|0|6935|4096|20480|1903820800|4096|512|5|1|5|1|4|0|40960|1024|63259|3|0|262144|4096|1048576|4096|0|16|4|0|0|0|0|0|0|0|0|0|10|74|0|1|11|0|0|0|0|0|0|0|0|1
aaclient.dll|b0c23b6813a9fcbae18370247be594ce|332|224|8450|8|0|119296|20992|0|58334|4096|126976|1835270144|4096|512|6|0|6|0|5|1|151552|1024|180296|3|320|262144|4096|1048576|4096|0|16|4|0|0|0|0|0|0|0|0|0|8|102|0|4|2|0|0|0|0|0|0|72|0|1
aadauthhelper.dll|c1426754f9095014e0d719c4f4356fde|34404|240|8226|14|13|136704|61440|0|123520|4096|0|6442450944|4096|512|10|0|10|0|10|0|217088|1024|216301|3|16736|262144|4096|1048576|4096|0|16|7|0|0|0|0|0|0|0|0|0|26|135|0|9|1|0|0|0|0|0|0|264|0|1
aadcloudap.dll|26c171ecd8dac90808b42c4535a68a83|34404|240|8226|14|13|477696|215552|0|459392|4096|0|6442450944|4096|512|10|0|10|0|10|0|708608|1024|752026|3|16864|262144|4096|1048576|4096|0|16|7|0|0|0|0|0|0|0|0|0|39|221|0|3|3|0|0|0|0|0|0|264|0|1
aadjcsp.dll|e60f1eeb1a42a0b795d2d03d37494a42|34404|240|8226|14|13|41472|27648|0|40656|4096|0|6442450944|4096|512|10|0|10|0|10|0|86016|1024|71050|3|16736|262144|4096|1048576|4096|0|16|6|0|0|0|0|0|0|0|0|0|23|91|0|1|1|0|0|0|0|0|0|264|0|1
aadtb.dll|d6b99129eeeb15a6f78ea23f510b2ad2|34404|240|8226|14|13|1067520|762880|0|907040|4096|0|6442450944|4096|512|6|0|0|0|6|0|1847296|1024|1883414|2|16736|1048576|4096|1048576|4096|0|16|8|0|0|0|0|0|0|0|0|0|44|317|2|7|2|0|0|0|0|0|0|264|0|1
aadWamExtension.dll|e7ab4472d4de40ac09122c0bbf8c7e4c|34404|240|8226|14|13|75776|62976|0|71168|4096|0|6442450944|4096|512|10|0|10|0|10|0|155648|1024|195509|3|16736|262144|4096|1048576|4096|0|16|7|0|0|0|0|0|0|0|0|0|25|131|0|3|3|0|0|0|0|0|0|264|0|1
AboutSettingsHandlers.dll|26a3f7ce701375ecd8602578f714242a|34404|240|8226|14|13|302080|103936|0|294400|4096|0|6442450944|4096|512|10|0|10|0|10|0|421888|1024|420175|3|16736|262144|4096|1048576|4096|0|16|7|0|0|0|0|0|0|0|0|0|50|185|3|1|2|0|0|0|0|0|0|264|0|1
AboveLockAppHost.dll|d7b3f90f922173697717ec7800117e60|34404|240|8226|14|13|249856|152064|0|47184|4096|0|6442450944|4096|512|10|0|10|0|10|0|417792|1024|461422|2|16736|262144|4096|1048576|4096|0|16|7|0|0|0|0|0|0|0|0|0|44|237|2|3|1|0|0|0|0|0|0|264|0|1
accessibilitycpl.dll|04baa97342c48220c1834a8bf0d6fdbd|34404|240|8226|14|13|157696|3694592|0|154704|4096|0|6442450944|4096|512|10|0|10|0|10|0|3874816|1024|3851955|2|16736|262144|4096|1048576|4096|0|16|7|0|0|0|0|0|0|0|0|0|33|348|17|6|483|0|0|0|0|0|0|264|0|1
ACCMGR.DLL|333e59186a4d638966d698bd3d5cb3b7|332|224|8462|7|0|110592|36864|0|59178|4096|114688|1339817984|4096|4096|4|0|7|0|4|0|151552|4096|163329|2|0|1048576|4096|1048576|4096|0|16|4|0|0|0|0|0|0|0|0|0|6|117|0|3|4|0|0|0|0|0|0|0|0|1
accountaccessor.dll|591bf33f03b2f33f69cf555922d283bd|34404|240|8226|14|13|186880|88064|0|184800|4096|0|6442450944|4096|512|10|0|10|0|10|0|290816|1024|322269|3|16736|262144|4096|1048576|4096|0|16|7|0|0|0|0|0|0|0|0|0|29|208|49|17|3|0|0|0|0|0|0|264|0|1
AccountsRt.dll|2ae3653d74ca0a769afa7239011125f6|34404|240|8226|14|13|297472|146432|0|65792|4096|0|6442450944|4096|512|10|0|10|0|10|0|462848|1024|485187|3|16736|262144|4096|1048576|4096|0|16|7|0|0|0|0|0|0|0|0|0|37|204|0|3|3|0|0|0|0|0|0|264|0|1
ACCTRES.dll|441086f355f0dea94621984c9a3be765|332|224|8462|7|0|0|64000|0|0|4096|4096|1903689728|4096|512|5|1|5|1|4|0|73728|512|75100|2|0|262144|4096|1048576|4096|0|16|2|0|0|0|0|0|0|0|0|0|0|0|0|0|76|0|0|0|0|0|0|0|0|1
accwiz.exe|d4b13d675dec600c5a0ed2bb0eb301e6|332|224|271|7|10|50688|168960|0|48773|4096|57344|16777216|4096|512|5|1|5|1|4|0|229376|1024|220818|2|32768|262144|4096|1048576|4096|0|16|3|0|0|0|0|0|0|0|0|0|11|175|4|0|95|0|0|0|0|0|0|72|0|1
AcGenral.dll|73a88589c01804b58e7b30810fdfdd1a|34404|240|8226|14|13|217088|134144|0|9312|4096|0|6442450944|4096|512|10|0|10|0|10|0|368640|1024|397985|3|16736|262144|4096|1048576|4096|0|16|7|0|0|0|0|0|0|0|0|0|19|272|1|2|4|0|0|0|0|0|0|264|0|1
AcLayers.dll|779c343717469d08d812c26455fcbf43|34404|240|8226|14|13|159744|4617728|0|11584|4096|0|6442450944|4096|512|10|0|10|0|10|0|4788224|1024|351743|3|16736|262144|4096|1048576|4096|0|16|6|0|0|0|0|0|0|0|0|0|12|174|1|2|1|0|0|0|0|0|0|264|0|1
acledit.dll|a9517ec6f843959566692570390c457f|332|224|8462|7|0|76288|52224|0|60358|4096|81920|1907818496|4096|512|5|1|5|1|4|0|139264|1024|135012|2|0|262144|4096|1048576|4096|0|16|4|0|0|0|0|0|0|0|0|0|11|395|0|8|66|0|0|0|0|0|0|0|0|1
aclui.dll|96a0066ab9872d3575575a463c53ff6c|332|224|8462|7|10|72704|42496|0|8877|4096|77824|1901395968|4096|512|5|1|5|1|4|10|126976|1024|163148|3|0|262144|4096|1048576|4096|0|16|4|0|0|0|0|0|0|0|0|0|8|168|0|3|24|0|0|0|0|0|0|72|0|1
acmigration.dll|b8609c1c06e8b4f8544654f27a68156d|34404|240|8226|14|13|204288|101376|0|200576|4096|0|6442450944|4096|512|10|0|10|0|6|1|323584|1024|336889|3|16736|262144|4096|1048576|4096|0|16|6|0|0|0|0|0|0|0|0|0|11|218|0|8|1|0|0|0|0|0|0|264|0|1
ACPBackgroundManagerPolicy.dll|0496aef0912d5e4da978fd0f6d7cc33f|34404|240|8226|14|13|133120|68608|0|36544|4096|0|6442450944|4096|512|10|0|10|0|10|0|221184|1024|230881|3|16736|262144|4096|1048576|4096|0|16|7|0|0|0|0|0|0|0|0|0|39|184|0|2|1|0|0|0|0|0|0|264|0|1
acppage.dll|df8ca6b30af98dffec96b958e73622a1|34404|240|8226|14|13|52224|31232|0|51856|4096|0|6442450944|4096|512|10|0|10|0|10|0|98304|1024|141191|2|16736|262144|4096|1048576|4096|0|16|6|0|0|0|0|0|0|0|0|0|13|179|4|3|3|0|0|0|0|0|0|264|0|1
acproxy.dll|6dad94dcb96be2e391f6c0ad4d339b29|34404|240|8226|14|13|4608|8192|0|6144|4096|0|6442450944|4096|512|10|0|10|0|10|0|32768|1024|55404|2|16736|262144|4096|1048576|4096|0|16|6|0|0|0|0|0|0|0|0|0|6|51|0|1|2|0|0|0|0|0|0|264|0|1
acres.dll|cf0bf373d592ad825b50ffef55845053|34404|240|8226|11|0|0|310272|0|0|4096|0|6442450944|4096|512|6|3|6|3|6|3|315392|512|349196|3|352|262144|4096|1048576|4096|0|16|1|0|0|0|0|0|0|0|0|0|0|0|0|0|145|0|0|0|0|0|0|0|0|1
AcSpecfc.dll|b36818922b966ec9cb3a2cc8ec8433f5|34404|240|8226|14|13|36864|28672|0|6496|4096|0|6442450944|4096|512|10|0|10|0|10|0|81920|1024|92645|3|16736|262144|4096|1048576|4096|0|16|6|0|0|0|0|0|0|0|0|0|9|100|1|2|1|0|0|0|0|0|0|264|0|1
ACT20.EXE|b781864bc6bfef7b285a609c0c8eefcb|332|224|271|6|0|57344|49152|0|33101|4096|61440|4194304|4096|4096|4|0|0|0|4|0|110592|4096|1624546|2|0|1048576|4096|1048576|4096|0|16|4|0|0|0|0|0|0|0|0|0|6|155|1|0|20|0|0|0|0|0|0|0|0|1
ActionCenter.dll|8d8010c4a0940844794270ac727f81d9|34404|240|8226|14|13|153088|162304|0|38496|4096|0|6442450944|4096|512|10|0|10|0|10|0|331776|1024|362073|2|16736|262144|4096|1048576|4096|0|16|6|0|0|0|0|0|0|0|0|0|39|194|13|2|16|0|0|0|0|0|0|264|0|1
ActionCenterCPL.dll|7bb2f4caff1e5291c806a5da818c3084|34404|240|8226|14|13|69632|492544|0|68848|4096|0|6442450944|4096|512|10|0|10|0|10|0|577536|1024|593596|2|16736|262144|4096|1048576|4096|0|16|7|0|0|0|0|0|0|0|0|0|28|281|19|4|76|0|0|0|0|0|0|264|0|1
ActionMgr.dll|577ac525b0de2fd1d4d850b2349dea24|34404|240|8226|14|13|41984|32256|0|6496|4096|0|6442450944|4096|512|10|0|10|0|10|0|94208|1024|123700|3|16736|262144|4096|1048576|4096|0|16|6|0|0|0|0|0|0|0|0|0|19|105|0|7|1|0|0|0|0|0|0|264|0|1
ActionQueue.dll|0456f9ae975f9421954487f52ea671fe|34404|240|8226|11|0|195072|30208|0|88260|4096|0|6442450944|4096|512|6|3|6|3|6|0|237568|1024|277928|2|352|262144|4096|1048576|4096|0|16|6|0|0|0|0|0|0|0|0|0|5|106|0|2|4|0|0|0|0|0|0|148|0|1
actionqueueetw.dll|9e6e84055fca6dacf0375f35676ae62c|34404|240|8226|11|0|0|3584|0|0|4096|0|6442450944|4096|512|6|3|6|3|6|3|8192|512|31208|3|352|262144|4096|1048576|4096|0|16|1|0|0|0|0|0|0|0|0|0|0|0|0|0|3|0|0|0|0|0|0|0|0|1
ActivationClient.dll|c3bdbf1e25ce0f5f95e71d39d0d48825|34404|240|8226|14|13|35328|21504|0|34240|4096|0|6442450944|4096|512|10|0|10|0|10|0|73728|1024|89871|3|16736|262144|4096|1048576|4096|0|16|6|0|0|0|0|0|0|0|0|0|23|86|1|3|1|0|0|0|0|0|0|264|0|1
ActivationManager.dll|11aa47d31724cee8bf60dbe6a90b87be|34404|240|8226|14|13|475648|208896|0|125216|4096|0|6442450944|4096|512|10|0|10|0|10|0|704512|1024|698578|3|16736|262144|4096|1048576|4096|0|16|7|0|0|0|0|0|0|0|0|0|78|361|9|9|1|0|0|0|0|0|0|264|0|1
activeds.dll|2cdae321b8e878a278ba2d2fa013060b|332|224|8462|7|10|153600|40448|0|4864|4096|159744|2009858048|4096|512|5|1|5|1|4|0|204800|1024|197267|3|0|262144|4096|1048576|4096|0|16|4|0|0|0|0|0|0|0|0|0|10|151|2|30|3|0|0|0|0|0|0|72|0|1
ActiveSyncCsp.dll|abaeefea2de6f2a92d7c4b07c1de5e26|34404|240|8226|14|13|67584|34816|0|6160|4096|0|6442450944|4096|512|10|0|10|0|10|0|118784|1024|150110|3|16736|262144|4096|1048576|4096|0|16|6|0|0|0|0|0|0|0|0|0|22|114|0|2|3|0|0|0|0|0|0|264|0|1
ActiveSyncProvider.dll|63a6b3d354fbf0db2c04403ca30ec46e|34404|240|8226|14|13|1390080|434688|0|17008|4096|0|6442450944|4096|512|10|0|10|0|10|0|1847296|1024|1846005|3|16736|262144|4096|1048576|4096|0|16|7|0|0|0|0|0|0|0|0|0|43|396|81|37|3|0|0|0|0|0|0|264|0|1
actmovie.exe|56c7905cb7a7356f1301e5b209c96272|332|224|271|7|10|1536|1536|0|4371|4096|8192|16777216|4096|512|5|1|5|1|4|0|16384|1024|8151|2|32768|262144|4096|1048576|4096|0|16|3|0|0|0|0|0|0|0|0|0|2|17|0|0|1|0|0|0|0|0|0|72|0|1
actxprxy.dll|912b67bb8249925a5c972fc5839eae09|332|224|8462|7|10|75776|21504|0|4797|4096|81920|1909719040|4096|512|5|1|5|1|4|0|110592|1024|125981|3|1024|262144|4096|1048576|4096|0|16|5|0|0|0|0|0|0|0|0|0|2|12|0|5|1|0|0|0|0|0|0|0|0|1
AcWinRT.dll|1de868d85874c3172a65a2cb15588f8e|34404|240|8226|14|13|14848|18944|0|16880|4096|0|6442450944|4096|512|10|0|10|0|10|0|53248|1024|77955|3|16736|262144|4096|1048576|4096|0|16|6|0|0|0|0|0|0|0|0|0|19|49|1|2|1|0|0|0|0|0|0|264|0|1
AcXtrnal.dll|e4028a209105cfb5dc69842e1c7d4b5e|34404|240|8226|14|13|6656|9216|0|7728|4096|0|6442450944|4096|512|10|0|10|0|10|0|36864|1024|41405|3|16736|262144|4096|1048576|4096|0|16|6|0|0|0|0|0|0|0|0|0|5|43|0|2|1|0|0|0|0|0|0|264|0|1
adammigrate.dll|328bac0ce1e08b8a630047ad641e9f9e|34404|240|11298|11|0|100352|16384|0|79104|4096|0|6442450944|4096|512|6|3|6|3|5|2|131072|1024|161574|3|352|262144|4096|1048576|4096|0|16|6|0|0|0|0|0|0|0|0|0|7|107|0|5|2|0|0|0|0|0|0|148|0|1
AdaptiveCards.dll|13bb020c97edc9ab031c156c9c392129|34404|240|8226|14|13|729088|576512|0|15872|4096|0|6442450944|4096|512|10|0|10|0|10|0|1318912|1024|1342329|3|16736|262144|4096|1048576|4096|0|16|6|0|0|0|0|0|0|0|0|0|26|330|0|3|1|0|0|0|0|0|0|264|0|1
AddressParser.dll|6cd1d0c8b8fc88af08988fca5dbf5638|34404|240|8226|14|13|33792|33792|0|34320|4096|0|6442450944|4096|512|10|0|10|0|10|0|86016|1024|102509|3|16736|262144|4096|1048576|4096|0|16|6|0|0|0|0|0|0|0|0|0|14|49|0|18|1|0|0|0|0|0|0|264|0|1
adfscomp.dll|bbcd3167fd1e8f515d99e84b1e61e1d8|34404|240|8226|11|0|29696|15360|0|10380|4096|0|6442450944|4096|512|6|3|6|3|5|2|61440|1024|49682|3|352|262144|4096|1048576|4096|0|16|6|0|0|0|0|0|0|0|0|0|3|64|0|1|1|0|0|0|0|0|0|148|0|1
adhapi.dll|de374a5418ef27445dcd478256345da9|34404|240|8226|14|13|11264|13312|0|12400|4096|0|6442450944|4096|512|10|0|10|0|10|0|40960|1024|32018|2|16736|262144|4096|1048576|4096|0|16|6|0|0|0|0|0|0|0|0|0|16|53|0|7|1|0|0|0|0|0|0|264|0|1
adhsvc.dll|1decc4e876796408e6399f7a46e943b1|34404|240|8226|14|13|58880|40960|0|18192|4096|0|6442450944|4096|512|10|0|10|0|10|0|122880|1024|158015|2|16736|262144|4096|1048576|4096|0|16|7|0|0|0|0|0|0|0|0|0|30|169|17|3|1|0|0|0|0|0|0|264|0|1
admparse.dll|6db2cae1a84068ceba0e768bb5c29009|332|224|8450|8|0|60928|64512|0|50869|4096|65536|1879048192|4096|512|6|0|6|0|5|1|135168|1024|93578|2|320|262144|4096|1048576|4096|0|16|4|0|0|0|0|0|0|0|0|0|10|149|5|12|7|0|0|0|0|0|0|72|0|1
AdmTmpl.dll|0c2fd07b8ab7c564ea3712cf01843529|34404|240|8226|14|13|240640|296448|0|231360|4096|0|6442450944|4096|512|10|0|10|0|10|0|557056|1024|558502|2|16736|262144|4096|1048576|4096|0|16|6|0|0|0|0|0|0|0|0|0|31|183|0|4|51|0|0|0|0|0|0|264|0|1
admtv3check.dll|c362f1961da9b8c39c1e3139905a57fc|34404|240|8226|11|0|50176|22016|0|11140|4096|0|6442450944|4096|512|6|3|6|3|5|2|90112|1024|106801|3|352|262144|4096|1048576|4096|0|16|6|0|0|0|0|0|0|0|0|0|2|74|0|1|1|0|0|0|0|0|0|148|0|1
adprovider.dll|0ee3ae21fd20f4481b8bacdfc7fb712b|34404|240|8226|14|13|31744|27136|0|31376|4096|0|6442450944|4096|512|10|0|10|0|10|0|73728|1024|66578|2|16736|262144|4096|1048576|4096|0|16|6|0|0|0|0|0|0|0|0|0|29|134|25|4|3|0|0|0|0|0|0|264|0|1
adptif.dll|d05ab88927849df74cf4f1c303daeb4f|332|224|8462|7|0|21504|36352|0|12874|4096|28672|1912864768|4096|512|5|1|5|1|4|0|73728|1024|72614|3|0|262144|4096|1048576|4096|0|16|4|0|0|0|0|0|0|0|0|0|5|63|0|40|1|0|0|0|0|0|0|0|0|1
adrclient.dll|a5bbd80480062145c6ec856ff780b5f9|34404|240|8226|14|13|83968|52736|0|74640|4096|0|6442450944|4096|512|10|0|10|0|10|0|151552|1024|151099|2|16736|262144|4096|1048576|4096|0|16|6|0|0|0|0|0|0|0|0|0|36|137|8|4|4|0|0|0|0|0|0|264|0|1
adsldp.dll|a7f361875622aa5829aa39ba248f68e9|332|224|8462|7|10|151040|23552|0|5176|4096|159744|1898512384|4096|512|5|1|5|1|4|0|184320|1024|241086|3|0|262144|4096|1048576|4096|0|16|4|0|0|0|0|0|0|0|0|0|11|225|15|2|2|0|0|0|0|0|0|72|0|1
adsldpc.dll|0d84657dbf93db98673defdf2b29e25a|332|224|8462|7|10|135168|7168|0|4864|4096|139264|1994457088|4096|512|5|1|5|1|4|0|151552|1024|143707|3|0|262144|4096|1048576|4096|0|16|4|0|0|0|0|0|0|0|0|0|7|148|65|171|3|0|0|0|0|0|0|72|0|1
adsmsext.dll|c238f767e6742c2147964fdc070956e1|332|224|8462|7|10|49152|18432|0|44508|4096|53248|1898381312|4096|512|5|1|5|1|4|0|77824|1024|132958|3|0|262144|4096|1048576|4096|0|16|4|0|0|0|0|0|0|0|0|0|13|114|9|2|2|0|0|0|0|0|0|72|0|1
adsnds.dll|716852109c79039fbadb452403fa4027|332|224|8462|7|0|130048|31232|0|124559|4096|135168|1898184704|4096|512|5|1|5|1|4|0|172032|1024|214398|3|0|262144|4096|1048576|4096|0|16|4|0|0|0|0|0|0|0|0|0|11|115|11|2|9|0|0|0|0|0|0|0|0|1
adsnt.dll|446321d798e28daac1383637fbb524e0|332|224|8462|7|10|226816|35840|0|5280|4096|233472|1959460864|4096|512|5|1|5|1|4|0|274432|1024|323997|3|0|262144|4096|1048576|4096|0|16|4|0|0|0|0|0|0|0|0|0|12|194|11|2|2|0|0|0|0|0|0|72|0|1
adsnw.dll|d592a3e3545f208deb5b145bb129d3e2|332|224|8462|7|10|104960|17920|0|100078|4096|110592|1317994496|4096|512|5|1|5|1|4|0|135168|1024|168959|3|0|262144|4096|1048576|4096|0|16|4|0|0|0|0|0|0|0|0|0|11|126|9|2|1|0|0|0|0|0|0|72|0|1
adtschema.dll|51690f88f9a252e917b72e355939acd3|34404|240|8226|14|13|0|843776|0|0|4096|0|6442450944|4096|512|10|0|10|0|10|0|851968|512|871655|3|352|262144|4096|1048576|4096|0|16|2|0|0|0|0|0|0|0|0|0|0|0|0|0|4|0|0|0|0|0|0|0|0|1
AdvancedEmojiDS.dll|75b3e4d80f394ef68d98b30413808ce2|34404|240|8226|14|13|96256|51200|0|92208|4096|0|5646581760|4096|512|10|0|10|0|10|0|167936|1024|196147|3|16736|262144|4096|4096|4096|0|16|7|0|0|0|0|0|0|0|0|0|39|146|1|3|1|0|0|0|0|0|0|264|0|1
